,Birth Rate,Business Tax Rate,Days to Start Business,Energy Usage,GDP,Health Exp % GDP,Health Exp/Capita,Hours to do Tax,Infant Mortality Rate,Internet Usage,Lending Interest,Life Expectancy Female,Life Expectancy Male,Mobile Phone Usage,Population 0-14,Population 15-64,Population 65+,Population Urban,Region,Country
0,0.025,0.72,25.0,41852.0,199070864638.0,0.044,199070864638.0,451.0,0.023,0.1,0.08,72.0,69.0,0.9,0.272,0.681,0.047,0.682,Africa,Algeria
1,0.046,0.521,66.0,13576.0,104115863405.0,0.034,104115863405.0,282.0,0.107,0.1,0.188,53.0,50.0,0.5,0.477,0.499,0.024,0.409,Africa,Angola
2,0.037,0.659,29.0,3761.0,7294900431.0,0.045,7294900431.0,270.0,0.06,0.0,0.14400000000000002,60.0,58.0,0.8,0.432,0.539,0.029,0.423,Africa,Benin
3,0.024,0.195,60.0,2215.0,15292424757.0,0.052,15292424757.0,152.0,0.039,0.1,0.11,46.0,47.0,1.5,0.34,0.625,0.035,0.565,Africa,Botswana
4,0.042,0.435,13.0,10550.0,10395757480.0,0.064,10395757480.0,270.0,0.068,0.0,0.14400000000000002,56.0,55.0,0.5,0.458,0.517,0.025,0.265,Africa,Burkina Faso
5,0.045,0.516,13.0,10550.0,2355652064.0,0.09,2355652064.0,274.0,0.059,0.0,0.132,55.0,51.0,0.2,0.44,0.535,0.025,0.109,Africa,Burundi
6,0.038,0.488,15.0,6720.0,25486923059.0,0.054,25486923059.0,654.0,0.064,0.1,0.14400000000000002,55.0,53.0,0.5,0.432,0.535,0.032,0.521,Africa,Cameroon
7,0.035,0.546,22.0,10550.0,2195599491.0,0.039,2195599491.0,504.0,0.1,0.0,0.14400000000000002,51.0,47.0,0.2,0.404,0.558,0.039,0.39,Africa,Central African Republic
8,0.047,0.758,55.0,10550.0,12156380062.0,0.028,12156380062.0,732.0,0.092,0.0,0.14400000000000002,51.0,49.0,0.3,0.487,0.488,0.025,0.22,Africa,Chad
9,0.036,2.1790000000000003,22.0,10550.0,610372697.0,0.036,610372697.0,100.0,0.061,0.1,0.105,62.0,59.0,0.3,0.422,0.549,0.029,0.28,Africa,Comoros
10,0.044,3.391,65.0,24497.0,23831631365.0,0.061,23831631365.0,336.0,0.09,0.0,0.438,51.0,48.0,0.2,0.453,0.519,0.028,0.404,Africa,"Congo, Dem. Rep."
11,0.038,0.653,161.0,1659.0,14425606793.0,0.025,14425606793.0,606.0,0.039,0.1,0.14400000000000002,59.0,56.0,0.9,0.423,0.543,0.034,0.637,Africa,"Congo, Rep."
12,0.037,0.44,32.0,11233.0,24074553674.0,0.068,24074553674.0,270.0,0.075,0.0,0.14400000000000002,51.0,49.0,0.9,0.417,0.552,0.031,0.513,Africa,Cote d'Ivoire
13,0.028,0.37799999999999995,37.0,10550.0,1239144502.0,0.087,1239144502.0,82.0,0.061,0.1,0.106,62.0,59.0,0.2,0.339,0.623,0.038,0.771,Africa,Djibouti
14,0.024,0.436,8.0,77649.0,236000735704.0,0.049,236000735704.0,433.0,0.019,0.4,0.11,73.0,68.0,1.1,0.314,0.631,0.056,0.43,Africa,"Egypt, Arab Rep."
15,0.036,0.441,135.0,10550.0,15715842151.0,0.045,15715842151.0,492.0,0.073,0.1,0.14400000000000002,54.0,51.0,0.7,0.391,0.58,0.029,0.393,Africa,Equatorial Guinea
16,0.038,0.845,84.0,765.0,2607739837.0,0.027,2607739837.0,216.0,0.038,0.0,0.14400000000000002,64.0,59.0,0.0,0.431,0.548,0.022,0.21,Africa,Eritrea
17,0.034,0.303,15.0,34064.0,31367606700.0,0.041,31367606700.0,198.0,0.048,0.0,0.14400000000000002,64.0,61.0,0.2,0.439,0.528,0.033,0.177,Africa,Ethiopia
18,0.032,0.435,57.0,1997.0,18796191833.0,0.034,18796191833.0,488.0,0.042,0.1,0.14400000000000002,64.0,62.0,1.5,0.385,0.562,0.053,0.86,Africa,Gabon
19,0.043,2.832,27.0,10550.0,898282866.0,0.047,898282866.0,376.0,0.051,0.1,0.28,60.0,57.0,0.8,0.459,0.516,0.025,0.57,Africa,"Gambia, The"
20,0.032,0.33399999999999996,12.0,10550.0,39564970070.0,0.053,39564970070.0,224.0,0.054,0.1,0.14400000000000002,62.0,60.0,0.9,0.388,0.577,0.035,0.514,Africa,Ghana
21,0.038,0.912,40.0,10550.0,5067360041.0,0.06,5067360041.0,416.0,0.069,0.0,0.14400000000000002,56.0,55.0,0.4,0.427,0.542,0.031,0.353,Africa,Guinea
22,0.038,0.45899999999999996,9.0,10550.0,967762549.0,0.063,967762549.0,208.0,0.082,0.0,0.14400000000000002,55.0,52.0,0.5,0.417,0.553,0.029,0.461,Africa,Guinea-Bissau
23,0.036,0.493,33.0,20179.0,34313315840.0,0.044,34313315840.0,393.0,0.05,0.3,0.15,62.0,59.0,0.7,0.425,0.549,0.026,0.24,Africa,Kenya
24,0.028,0.16,40.0,10550.0,2487352968.0,0.117,2487352968.0,324.0,0.073,0.0,0.104,48.0,48.0,0.6,0.372,0.586,0.042,0.253,Africa,Lesotho
25,0.037,0.429,6.0,10550.0,1537753885.0,0.156,1537753885.0,158.0,0.058,0.0,0.138,61.0,59.0,0.5,0.432,0.537,0.031,0.482,Africa,Liberia
26,0.022,0.43699999999999994,25.5,13342.0,34699395524.0,0.039,34699395524.0,270.0,0.014,0.1,0.06,77.0,73.0,1.6,0.294,0.659,0.046,0.778,Africa,Libya
27,0.035,0.371,8.0,10550.0,9853981624.0,0.041,9853981624.0,201.0,0.042,0.0,0.525,65.0,62.0,0.4,0.431,0.541,0.028,0.326,Africa,Madagascar
28,0.04,0.29,39.0,10550.0,5627898037.0,0.083,5627898037.0,157.0,0.049,0.0,0.238,54.0,54.0,0.3,0.456,0.512,0.031,0.157,Africa,Malawi
29,0.048,0.511,8.0,10550.0,10647545670.0,0.068,10647545670.0,270.0,0.081,0.0,0.14400000000000002,54.0,54.0,0.8,0.47,0.502,0.029,0.368,Africa,Mali
30,0.035,0.682,19.0,10550.0,4136083856.0,0.059,4136083856.0,696.0,0.069,0.0,0.17,63.0,60.0,0.9,0.404,0.565,0.031,0.573,Africa,Mauritania
31,0.011,0.27699999999999997,6.0,10550.0,11252405860.0,0.049,11252405860.0,161.0,0.013,0.4,0.089,77.0,70.0,1.0,0.206,0.713,0.08,0.404,Africa,Mauritius
32,0.022,0.496,12.0,17283.0,99211339029.0,0.063,99211339029.0,238.0,0.028,0.5,0.14400000000000002,72.0,69.0,1.1,0.279,0.671,0.05,0.582,Africa,Morocco
33,0.04,0.375,13.0,10202.0,12547888400.0,0.064,12547888400.0,230.0,0.068,0.0,0.191,50.0,49.0,0.3,0.454,0.514,0.032,0.312,Africa,Mozambique
34,0.027,0.218,66.0,1589.0,12451760766.0,0.086,12451760766.0,339.0,0.036,0.1,0.087,66.0,61.0,1.0,0.371,0.594,0.035,0.426,Africa,Namibia
35,0.05,0.43799999999999994,17.0,10550.0,6411842066.0,0.068,6411842066.0,270.0,0.064,0.0,0.14400000000000002,58.0,57.0,0.3,0.499,0.475,0.026,0.178,Africa,Niger
36,0.042,0.327,28.0,118325.0,411743801712.0,0.057,411743801712.0,938.0,0.079,0.3,0.16,52.0,51.0,0.6,0.441,0.531,0.027,0.444,Africa,Nigeria
37,0.036,0.31,3.0,10550.0,6406727020.0,0.11,6406727020.0,148.0,0.041,0.1,0.14400000000000002,65.0,61.0,0.4,0.442,0.535,0.023,0.249,Africa,Rwanda
38,0.036,0.325,10.0,10550.0,248286778.0,0.076,248286778.0,424.0,0.039,0.2,0.27,68.0,64.0,0.6,0.416,0.549,0.035,0.626,Africa,Sao Tome and Principe
39,0.038,0.455,6.0,3515.0,14440676498.0,0.05,14440676498.0,666.0,0.046,0.2,0.14400000000000002,65.0,62.0,0.7,0.436,0.534,0.031,0.425,Africa,Senegal
40,0.019,0.322,39.0,10550.0,1059593023.0,0.036,1059593023.0,76.0,0.012,0.4,0.112,78.0,68.0,1.4,0.222,0.702,0.076,0.526,Africa,Seychelles
41,0.038,0.324,12.0,10550.0,2932273988.0,0.163,2932273988.0,357.0,0.112,0.0,0.21,45.0,45.0,0.4,0.42,0.554,0.026,0.386,Africa,Sierra Leone
42,0.045,0.43699999999999994,25.5,10550.0,12304070414.0,0.06,12304070414.0,270.0,0.095,0.0,0.14400000000000002,56.0,53.0,0.2,0.475,0.496,0.028,0.377,Africa,Somalia
43,0.021,0.324,19.0,141372.0,403894316555.0,0.087,403894316555.0,200.0,0.034,0.3,0.09,57.0,53.0,1.2,0.296,0.651,0.053,0.627,Africa,South Africa
44,0.037,0.43699999999999994,25.5,10550.0,20782116982.0,0.017,20782116982.0,270.0,0.068,0.1,0.14400000000000002,55.0,53.0,0.2,0.426,0.54,0.034,0.18,Africa,South Sudan
45,0.034,0.361,36.0,16622.0,67320812663.0,0.067,67320812663.0,180.0,0.054,0.2,0.14400000000000002,63.0,60.0,0.7,0.418,0.551,0.032,0.332,Africa,Sudan
46,0.031,0.365,56.0,10550.0,4145772237.0,0.083,4145772237.0,104.0,0.058,0.2,0.09,48.0,49.0,0.6,0.384,0.582,0.034,0.214,Africa,Swaziland
47,0.04,0.449,26.0,20747.0,23874165047.0,0.074,23874165047.0,172.0,0.039,0.0,0.15,61.0,59.0,0.6,0.449,0.52,0.031,0.288,Africa,Tanzania
48,0.037,0.489,84.0,2764.0,3756023048.0,0.08,3756023048.0,270.0,0.059,0.0,0.14400000000000002,57.0,55.0,0.4,0.42,0.553,0.027,0.38,Africa,Togo
49,0.019,0.624,11.0,9504.0,45951129422.0,0.07,45951129422.0,144.0,0.014,0.4,0.14400000000000002,77.0,73.0,1.2,0.233,0.697,0.07,0.661,Africa,Tunisia
50,0.044,0.35,33.0,10550.0,15493320082.0,0.093,15493320082.0,213.0,0.049,0.1,0.218,59.0,57.0,0.5,0.487,0.489,0.024,0.148,Africa,Uganda
51,0.043,0.14400000000000002,18.0,8462.0,19201691493.0,0.062,19201691493.0,183.0,0.059,0.1,0.188,57.0,54.0,0.6,0.468,0.505,0.026,0.392,Africa,Zambia
52,0.032,0.34299999999999997,90.0,9312.0,10956226611.0,0.06,10956226611.0,242.0,0.058,0.2,0.14400000000000002,56.0,55.0,0.7,0.408,0.552,0.04,0.33,Africa,Zimbabwe
53,0.037,0.363,7.0,28002.0,17870159082.0,0.084,17870159082.0,275.0,0.074,0.1,0.151,61.0,59.0,0.6,0.481,0.497,0.022,0.251,Asia,Afghanistan
54,0.014,0.38799999999999996,8.0,2716.0,10142342770.0,0.037,10142342770.0,500.0,0.015,0.3,0.178,78.0,71.0,1.1,0.204,0.692,0.104,0.634,Asia,Armenia
55,0.019,0.4,8.0,12561.0,65951627200.0,0.05,65951627200.0,225.0,0.032,0.5,0.19,74.0,68.0,1.1,0.224,0.718,0.058,0.536,Asia,Azerbaijan
56,0.021,0.35,19.0,31294.0,111905616039.0,0.038,111905616039.0,302.0,0.037,0.1,0.133,71.0,69.0,0.6,0.311,0.642,0.047,0.312,Asia,Bangladesh
57,0.02,0.408,36.0,28002.0,1840841618.0,0.037,1840841618.0,274.0,0.033,0.2,0.14,68.0,67.0,0.7,0.291,0.663,0.046,0.356,Asia,Bhutan
58,0.016,0.168,101.0,3832.0,16691360399.0,0.022,16691360399.0,96.0,0.008,0.6,0.055,80.0,76.0,1.1,0.262,0.7,0.038,0.759,Asia,Brunei Darussalam
59,0.026,0.214,102.0,5333.0,12829541141.0,0.056,12829541141.0,173.0,0.036,0.0,0.11,74.0,68.0,0.9,0.314,0.634,0.051,0.2,Asia,Cambodia
60,0.012,0.635,38.0,2727728.0,7321891954613.0,0.051,7321891954613.0,358.0,0.013,0.4,0.066,76.0,74.0,0.7,0.18,0.735,0.085,0.506,Asia,China
61,0.014,0.165,2.0,3543.0,14434619972.0,0.094,14434619972.0,387.0,0.014,0.3,0.15,78.0,70.0,1.0,0.174,0.684,0.142,0.53,Asia,Georgia
62,0.014,0.23,3.0,14894.0,248514003083.0,0.044,248514003083.0,80.0,0.025500000000000002,0.7,0.05,87.0,80.0,2.2,0.119,0.749,0.132,1.0,Asia,"Hong Kong SAR, China"
63,0.021,0.629,29.0,749447.0,1880100141185.0,0.039,1880100141185.0,254.0,0.045,0.1,0.102,68.0,64.0,0.7,0.298,0.651,0.051,0.313,Asia,India
64,0.02,0.322,48.0,209009.0,845931645339.0,0.029,845931645339.0,266.0,0.026,0.1,0.124,72.0,68.0,1.0,0.296,0.653,0.051,0.507,Asia,Indonesia
65,0.008,0.484,22.0,461468.0,5905630870455.0,0.1,5905630870455.0,330.0,0.002,0.8,0.015,86.0,79.0,1.0,0.132,0.631,0.237,0.912,Asia,Japan
66,0.023,0.28600000000000003,19.0,78101.0,188048960311.0,0.039,188048960311.0,188.0,0.018,0.5,0.11,74.0,64.0,1.6,0.252,0.683,0.066,0.536,Asia,Kazakhstan
67,0.014,0.343,21.5,19037.0,52251166941.5,0.044,52251166941.5,256.0,0.024,0.2,0.11,73.0,66.0,0.0,0.223,0.687,0.09,0.603,Asia,"Korea, Dem. Rep."
68,0.009,0.287,6.0,260440.0,1202463655510.0,0.074,1202463655510.0,225.0,0.003,0.8,0.058,84.0,78.0,1.1,0.157,0.728,0.114,0.82,Asia,"Korea, Rep."
69,0.027,0.33399999999999996,10.0,3097.0,6197766119.0,0.062,6197766119.0,210.0,0.025,0.2,0.402,74.0,66.0,1.2,0.301,0.656,0.043,0.353,Asia,Kyrgyz Republic
70,0.028,0.319,93.0,28002.0,8254088067.0,0.028,8254088067.0,362.0,0.057,0.1,0.11,69.0,66.0,0.8,0.362,0.601,0.037,0.343,Asia,Lao PDR
71,0.01,0.343,21.5,28002.0,36634742799.0,0.044,36634742799.0,256.0,0.025500000000000002,0.6,0.053,82.0,78.0,2.5,0.124,0.802,0.074,1.0,Asia,"Macao SAR, China"
72,0.018,0.34,6.0,75907.0,289258937259.0,0.038,289258937259.0,133.0,0.007,0.6,0.049,77.0,72.0,1.3,0.272,0.678,0.05,0.717,Asia,Malaysia
73,0.022,0.09300000000000001,9.0,28002.0,2162990126.0,0.081,2162990126.0,256.0,0.01,0.3,0.102,78.0,76.0,1.6,0.294,0.655,0.05,0.412,Asia,Maldives
74,0.023,0.24600000000000002,13.0,3607.0,8761426371.0,0.06,8761426371.0,192.0,0.028,0.1,0.166,71.0,63.0,1.1,0.27,0.692,0.038,0.685,Asia,Mongolia
75,0.018,0.343,21.5,14056.0,52251166941.5,0.018,52251166941.5,256.0,0.042,0.0,0.163,67.0,63.0,0.0,0.257,0.692,0.051,0.319,Asia,Myanmar
76,0.022,0.315,29.0,10391.0,18850351853.0,0.061,18850351853.0,326.0,0.035,0.1,0.11,69.0,66.0,0.5,0.364,0.586,0.05,0.172,Asia,Nepal
77,0.026,0.34600000000000003,21.0,84845.0,213685918599.0,0.03,213685918599.0,560.0,0.072,0.1,0.144,67.0,65.0,0.6,0.349,0.608,0.043,0.37,Asia,Pakistan
78,0.025,0.445,36.0,40452.0,224095219329.0,0.044,224095219329.0,195.0,0.025,0.3,0.067,72.0,65.0,1.0,0.349,0.613,0.038,0.45,Asia,Philippines
79,0.01,0.271,3.0,33447.0,274065043106.0,0.042,274065043106.0,84.0,0.002,0.7,0.054,84.0,80.0,1.5,0.169,0.737,0.093,1.0,Asia,Singapore
80,0.018,1.129,37.0,10421.0,59178013928.0,0.033,59178013928.0,256.0,0.009,0.2,0.094,77.0,71.0,0.9,0.251,0.669,0.08,0.183,Asia,Sri Lanka
81,0.033,0.845,24.0,2395.0,6522732203.0,0.058,6522732203.0,224.0,0.043,0.1,0.248,71.0,64.0,0.8,0.358,0.61,0.032,0.265,Asia,Tajikistan
82,0.011,0.369,29.0,119147.0,345672232116.0,0.041,345672232116.0,264.0,0.012,0.2,0.069,77.0,71.0,1.2,0.189,0.72,0.091,0.454,Asia,Thailand
83,0.036,0.11,94.0,28002.0,1128300000.0,0.046,1128300000.0,276.0,0.05,0.0,0.11,68.0,65.0,0.6,0.469,0.5,0.032,0.302,Asia,Timor-Leste
84,0.022,0.343,21.5,24710.0,29233333333.0,0.021,29233333333.0,256.0,0.05,0.1,0.11,69.0,61.0,1.0,0.289,0.671,0.041,0.487,Asia,Turkmenistan
85,0.022,0.975,14.0,47755.0,45324319955.0,0.056,45324319955.0,205.0,0.039,0.3,0.11,71.0,65.0,0.9,0.293,0.664,0.043,0.362,Asia,Uzbekistan
86,0.016,0.4,38.0,61210.0,135539487317.0,0.068,135539487317.0,941.0,0.02,0.4,0.17,80.0,71.0,1.4,0.231,0.703,0.065,0.31,Asia,Vietnam
87,0.013,0.315,6.0,2173.0,12890867763.0,0.06,12890867763.0,371.0,0.014,0.5,0.124,80.0,74.0,1.0,0.221,0.676,0.103,0.532,Europe,Albania
88,0.011,0.3955,12.5,24024.0,163421733019.0,0.072,163421733019.0,208.5,0.002,0.8,0.084,82.0,77.0,0.8,0.153,0.677,0.158,0.873,Europe,Andorra
89,0.009,0.523,25.0,33019.0,415984217115.0,0.113,415984217115.0,170.0,0.003,0.8,0.084,84.0,78.0,1.5,0.146,0.673,0.181,0.659,Europe,Austria
90,0.012,0.623,10.0,29501.0,59734593905.0,0.049,59734593905.0,654.0,0.004,0.4,0.136,77.0,65.0,1.1,0.149,0.712,0.138,0.75,Europe,Belarus
91,0.012,0.57,4.0,59094.0,513317999900.0,0.105,513317999900.0,156.0,0.004,0.8,0.084,83.0,78.0,1.1,0.168,0.658,0.174,0.977,Europe,Belgium
92,0.009,0.237,40.0,7095.0,18252896439.0,0.099,18252896439.0,422.0,0.006,0.6,0.074,79.0,73.0,0.8,0.169,0.678,0.153,0.393,Europe,Bosnia and Herzegovina
93,0.01,0.272,18.0,19216.0,53542780661.0,0.073,53542780661.0,500.0,0.011,0.5,0.106,78.0,71.0,1.4,0.134,0.68,0.186,0.726,Europe,Bulgaria
94,0.01,0.21899999999999997,8.0,8439.0,61520901516.0,0.068,61520901516.0,196.0,0.004,0.6,0.097,80.0,74.0,1.2,0.151,0.671,0.177,0.578,Europe,Croatia
95,0.012,0.22,8.0,2368.0,24851264943.0,0.074,24851264943.0,149.0,0.003,0.6,0.084,82.0,77.0,1.0,0.174,0.708,0.118,0.674,Europe,Cyprus
96,0.01,0.48100000000000004,20.0,43429.0,216061200559.0,0.075,216061200559.0,557.0,0.003,0.7,0.057,81.0,75.0,1.2,0.143,0.699,0.158,0.732,Europe,Czech Republic
97,0.011,0.264,6.0,17997.0,333743578564.0,0.109,333743578564.0,135.0,0.003,0.9,0.084,82.0,78.0,1.3,0.178,0.651,0.171,0.87,Europe,Denmark
98,0.011,0.5760000000000001,7.0,5603.0,22542967739.0,0.058,22542967739.0,81.0,0.003,0.8,0.061,81.0,71.0,1.4,0.155,0.668,0.176,0.68,Europe,Estonia
99,0.012,0.3955,12.5,24024.0,163421733019.0,0.08299999999999999,163421733019.0,208.5,0.004,0.8,0.084,84.0,79.0,1.2,0.153,0.677,0.158,0.411,Europe,Faeroe Islands
100,0.011,0.39,14.0,34749.0,262379400238.0,0.09,262379400238.0,93.0,0.002,0.9,0.084,84.0,77.0,1.7,0.164,0.659,0.177,0.837,Europe,Finland
101,0.013,0.647,7.0,252827.0,2782210861683.0,0.116,2782210861683.0,132.0,0.004,0.8,0.084,86.0,79.0,0.9,0.183,0.646,0.171,0.786,Europe,France
102,0.008,0.456,15.0,311770.0,3628110015053.0,0.113,3628110015053.0,221.0,0.003,0.8,0.084,83.0,78.0,1.1,0.133,0.657,0.21,0.745,Europe,Germany
103,0.01,0.45899999999999996,11.0,26723.0,289886951188.0,0.09,289886951188.0,224.0,0.004,0.5,0.084,84.0,78.0,1.1,0.146,0.663,0.192,0.766,Europe,Greece
104,0.009,0.52,4.0,24964.0,137452115093.0,0.079,137452115093.0,277.0,0.006,0.7,0.083,79.0,71.0,1.2,0.146,0.685,0.169,0.693,Europe,Hungary
105,0.014,0.29600000000000004,5.0,5731.0,14042801904.0,0.092,14042801904.0,140.0,0.002,0.9,0.077,84.0,81.0,1.1,0.208,0.669,0.123,0.937,Europe,Iceland
106,0.016,0.254,13.0,13216.0,226035376257.0,0.088,226035376257.0,76.0,0.003,0.7,0.084,83.0,79.0,1.1,0.215,0.67,0.115,0.621,Europe,Ireland
107,0.011,0.3955,12.5,24024.0,163421733019.0,0.08299999999999999,163421733019.0,208.5,0.004,0.7,0.084,82.0,77.0,1.2,0.153,0.677,0.158,0.52,Europe,Isle of Man
108,0.009,0.677,6.0,167416.0,2196336800620.0,0.092,2196336800620.0,285.0,0.003,0.5,0.046,85.0,80.0,1.6,0.14,0.654,0.205,0.684,Europe,Italy
109,0.018,0.154,58.0,2528.0,6630214452.0,0.08299999999999999,6630214452.0,164.0,0.004,0.7,0.139,72.0,68.0,1.2,0.153,0.677,0.158,0.693,Europe,Kosovo
110,0.009,0.371,16.0,4371.0,28480338368.0,0.06,28480338368.0,290.0,0.008,0.7,0.064,79.0,69.0,1.1,0.143,0.672,0.185,0.676,Europe,Latvia
111,0.011,0.3955,12.5,24024.0,163421733019.0,0.08299999999999999,163421733019.0,208.5,0.004,0.9,0.084,84.0,80.0,1.0,0.153,0.677,0.158,0.144,Europe,Liechtenstein
112,0.011,0.431,22.0,7287.0,43083067994.0,0.067,43083067994.0,175.0,0.005,0.6,0.084,79.0,68.0,1.6,0.151,0.693,0.155,0.667,Europe,Lithuania
113,0.011,0.198,19.0,4171.0,58009863403.0,0.067,58009863403.0,59.0,0.002,0.9,0.084,84.0,79.0,1.5,0.175,0.685,0.14,0.889,Europe,Luxembourg
114,0.011,0.084,3.0,3122.0,10395222334.0,0.069,10395222334.0,119.0,0.008,0.6,0.089,77.0,73.0,1.1,0.171,0.71,0.118,0.57,Europe,"Macedonia, FYR"
115,0.01,0.41,40.0,857.0,9302057270.0,0.087,9302057270.0,139.0,0.005,0.7,0.047,83.0,79.0,1.2,0.153,0.697,0.15,0.948,Europe,Malta
116,0.012,0.308,9.0,3331.0,7016162818.0,0.114,7016162818.0,228.0,0.014,0.4,0.144,73.0,65.0,0.9,0.165,0.723,0.112,0.449,Europe,Moldova
117,0.011,0.3955,12.5,24024.0,6074506533.0,0.044,6074506533.0,208.5,0.003,0.8,0.084,82.0,77.0,0.9,0.153,0.677,0.158,1.0,Europe,Monaco
118,0.012,0.209,10.0,1179.0,4501753898.0,0.072,4501753898.0,372.0,0.006,0.4,0.097,77.0,72.0,1.9,0.193,0.682,0.126,0.633,Europe,Montenegro
119,0.011,0.396,8.0,77419.0,832755438977.0,0.119,832755438977.0,127.0,0.004,0.9,0.02,83.0,79.0,1.2,0.173,0.667,0.159,0.878,Europe,Netherlands
120,0.012,0.40700000000000003,7.0,28137.0,490806911071.0,0.099,490806911071.0,87.0,0.003,0.9,0.084,84.0,79.0,1.2,0.187,0.661,0.152,0.794,Europe,Norway
121,0.01,0.395,32.0,101313.0,515771297421.0,0.068,515771297421.0,296.0,0.005,0.6,0.084,81.0,73.0,1.3,0.149,0.713,0.137,0.608,Europe,Poland
122,0.009,0.42700000000000005,4.0,23084.0,237888302256.0,0.102,237888302256.0,275.0,0.003,0.6,0.084,84.0,77.0,1.2,0.15,0.667,0.182,0.612,Europe,Portugal
123,0.01,0.431,14.0,35830.0,182610666616.0,0.056,182610666616.0,222.0,0.012,0.4,0.121,78.0,71.0,1.1,0.15,0.701,0.149,0.54,Europe,Romania
124,0.013,0.469,29.0,730970.0,1904793021649.0,0.061,1904793021649.0,290.0,0.01,0.5,0.085,76.0,64.0,1.4,0.151,0.718,0.13,0.737,Europe,Russian Federation
125,0.01,0.3955,12.5,24024.0,163421733019.0,0.055,163421733019.0,208.5,0.003,0.5,0.059,86.0,80.0,1.1,0.153,0.677,0.158,0.941,Europe,San Marino
126,0.009,0.34,13.0,16185.0,43749934551.0,0.103,43749934551.0,279.0,0.006,0.4,0.172,77.0,72.0,1.3,0.167,0.695,0.138,0.553,Europe,Serbia
127,0.011,0.47600000000000003,18.0,17349.0,95877536836.0,0.079,95877536836.0,231.0,0.007,0.7,0.084,80.0,72.0,1.1,0.15,0.725,0.125,0.544,Europe,Slovak Republic
128,0.011,0.33899999999999997,6.0,7249.0,50250147802.0,0.089,50250147802.0,260.0,0.003,0.7,0.084,83.0,77.0,1.1,0.141,0.691,0.169,0.499,Europe,Slovenia
129,0.01,0.387,28.0,125570.0,1454534452554.0,0.093,1454534452554.0,187.0,0.004,0.7,0.084,86.0,80.0,1.1,0.151,0.677,0.173,0.787,Europe,Spain
130,0.012,0.52,16.0,49045.0,536000581090.0,0.095,536000581090.0,122.0,0.002,0.9,0.084,84.0,80.0,1.2,0.166,0.649,0.185,0.852,Europe,Sweden
131,0.01,0.289,18.0,25375.0,658867317929.0,0.11,658867317929.0,63.0,0.004,0.9,0.027,85.0,81.0,1.3,0.149,0.679,0.172,0.737,Europe,Switzerland
132,0.017,0.4,6.0,112459.0,774754155294.0,0.061,774754155294.0,226.0,0.019,0.4,0.084,78.0,71.0,0.9,0.264,0.665,0.072,0.713,Europe,Turkey
133,0.011,0.5710000000000001,24.0,126438.0,163421733019.0,0.073,163421733019.0,657.0,0.01,0.3,0.159,76.0,66.0,1.2,0.14,0.704,0.156,0.689,Europe,Ukraine
134,0.013,0.361,12.0,188074.0,2462484285580.0,0.094,2462484285580.0,110.0,0.004,0.9,0.005,83.0,79.0,1.2,0.175,0.656,0.169,0.816,Europe,United Kingdom
135,0.016,0.135,9.0,9506.0,29044378668.0,0.038,29044378668.0,36.0,0.006,0.8,0.068,77.0,76.0,1.3,0.198,0.781,0.021,0.886,Middle East,Bahrain
136,0.019,0.441,11.0,212145.0,528426099489.0,0.068,528426099489.0,344.0,0.016,0.2,0.11,75.0,72.0,0.7,0.236,0.712,0.052,0.712,Middle East,"Iran, Islamic Rep."
137,0.032,0.278,32.0,40220.0,191176927521.0,0.027,191176927521.0,312.0,0.029,0.1,0.136,73.0,65.0,0.8,0.409,0.558,0.033,0.691,Middle East,Iraq
138,0.021,0.302,20.0,23254.0,258216783343.0,0.076,258216783343.0,235.0,0.003,0.7,0.06,84.0,80.0,1.2,0.273,0.622,0.105,0.919,Middle East,Israel
139,0.028,0.27699999999999997,12.0,7064.0,28840197019.0,0.088,28840197019.0,151.0,0.017,0.3,0.087,75.0,72.0,1.1,0.346,0.62,0.034,0.827,Middle East,Jordan
140,0.021,0.107,32.0,32523.0,160600006232.0,0.026,160600006232.0,98.0,0.009,0.7,0.052,75.0,73.0,1.6,0.251,0.728,0.021,0.983,Middle East,Kuwait
141,0.013,0.302,9.0,6349.0,40078938640.0,0.074,40078938640.0,180.0,0.009,0.5,0.075,82.0,77.0,0.8,0.227,0.688,0.085,0.873,Middle East,Lebanon
142,0.022,0.22,8.0,25276.0,69971912138.0,0.024,69971912138.0,62.0,0.01,0.5,0.062,79.0,74.0,1.6,0.257,0.717,0.026,0.757,Middle East,Oman
143,0.011,0.113,9.0,33285.0,169804731108.0,0.019,169804731108.0,36.0,0.007,0.7,0.055,79.0,77.0,1.2,0.134,0.856,0.01,0.988,Middle East,Qatar
144,0.02,0.145,21.0,187070.0,669506666667.0,0.035,669506666667.0,79.0,0.014,0.5,0.07150000000000001,77.0,74.0,1.9,0.302,0.669,0.029,0.823,Middle East,Saudi Arabia
145,0.025,0.397,13.0,19986.0,165202368670.0,0.034,165202368670.0,336.0,0.013,0.2,0.07150000000000001,78.0,72.0,0.6,0.355,0.607,0.038,0.561,Middle East,Syrian Arab Republic
146,0.016,0.141,13.0,66108.0,348594945288.0,0.031,348594945288.0,12.0,0.007,0.8,0.07150000000000001,78.0,76.0,1.3,0.14,0.857,0.003,0.844,Middle East,United Arab Emirates
147,0.032,0.327,12.0,7260.0,29207296703.0,0.05,29207296703.0,248.0,0.044,0.1,0.25,64.0,61.0,0.5,0.413,0.559,0.028,0.323,Middle East,"Yemen, Rep."
148,0.023,0.344,17.0,70527.5,785745262.0,0.077,785745262.0,128.0,0.02,0.25,0.1,75.0,69.0,0.6,0.33,0.631,0.051,0.875,Oceania,American Samoa
149,0.014,0.473,3.0,122888.0,1386889147177.0,0.092,1386889147177.0,109.0,0.004,0.8,0.077,84.0,80.0,1.0,0.189,0.674,0.137,0.889,Oceania,Australia
150,0.021,0.38299999999999995,45.0,70527.5,3753485389.0,0.038,3753485389.0,163.0,0.02,0.3,0.075,73.0,67.0,0.8,0.289,0.661,0.05,0.522,Oceania,Fiji
151,0.017,0.344,17.0,70527.5,785745262.0,0.077,785745262.0,128.0,0.02,0.5,0.1,78.0,74.0,0.8,0.233,0.698,0.07,0.563,Oceania,French Polynesia
152,0.018,0.344,17.0,70527.5,785745262.0,0.077,785745262.0,128.0,0.02,0.6,0.1,81.0,76.0,0.6,0.271,0.654,0.075,0.942,Oceania,Guam
153,0.023,0.318,31.0,70527.5,172253739.0,0.108,172253739.0,120.0,0.047,0.1,0.1,71.0,65.0,0.1,0.33,0.631,0.039,0.439,Oceania,Kiribati
154,0.023,0.648,17.0,70527.5,170700000.0,0.16,170700000.0,128.0,0.032,0.1,0.1,75.0,69.0,0.6,0.33,0.631,0.051,0.716,Oceania,Marshall Islands
155,0.024,0.59,16.0,70527.5,310287519.0,0.137,310287519.0,128.0,0.032,0.2,0.144,70.0,68.0,0.3,0.364,0.597,0.039,0.223,Oceania,"Micronesia, Fed. Sts."
156,0.016,0.344,17.0,70527.5,785745262.0,0.077,785745262.0,128.0,0.02,0.5,0.1,79.0,73.0,0.9,0.231,0.671,0.098,0.679,Oceania,New Caledonia
157,0.014,0.344,1.0,18167.0,163841041662.0,0.103,163841041662.0,172.0,0.005,0.8,0.061,83.0,79.0,1.1,0.204,0.663,0.133,0.862,Oceania,New Zealand
158,0.03,0.42100000000000004,51.0,70527.5,12393604089.0,0.042,12393604089.0,194.0,0.05,0.0,0.108,64.0,60.0,0.3,0.387,0.584,0.028,0.13,Oceania,Papua New Guinea
159,0.027,0.18899999999999997,9.0,70527.5,631791993.0,0.07,631791993.0,224.0,0.016,0.1,0.1,76.0,70.0,0.6,0.381,0.569,0.051,0.199,Oceania,Samoa
160,0.032,0.262,42.0,70527.5,868574141.0,0.077,868574141.0,80.0,0.026,0.1,0.132,69.0,66.0,0.5,0.406,0.561,0.033,0.205,Oceania,Solomon Islands
161,0.027,0.254,16.0,70527.5,423038017.0,0.05,423038017.0,164.0,0.011,0.3,0.114,75.0,69.0,0.5,0.374,0.568,0.058,0.234,Oceania,Tonga
162,0.027,0.084,35.0,70527.5,785745262.0,0.038,785745262.0,120.0,0.015,0.1,0.055,73.0,69.0,0.6,0.378,0.582,0.04,0.249,Oceania,Vanuatu
163,0.017,0.41,21.0,10675.0,1127037037.0,0.055,1127037037.0,207.0,0.008,0.5,0.109,78.0,73.0,2.0,0.258,0.67,0.072,0.257,The Americas,Antigua and Barbuda
164,0.017,1.077,25.0,80112.0,557727273773.0,0.079,557727273773.0,415.0,0.013,0.5,0.141,80.0,72.0,1.5,0.246,0.646,0.107,0.911,The Americas,Argentina
165,0.011,0.41200000000000003,19.0,10675.0,2584463687.0,0.068,2584463687.0,245.0,0.014,0.7,0.097,78.0,73.0,1.0,0.204,0.689,0.107,0.427,The Americas,Aruba
166,0.015,0.466,24.0,10675.0,7872584000.0,0.075,7872584000.0,58.0,0.011,0.7,0.051,78.0,72.0,0.8,0.22,0.708,0.072,0.826,The Americas,"Bahamas, The"
167,0.013,0.41100000000000003,18.0,10675.0,4368900000.0,0.072,4368900000.0,245.0,0.014,0.7,0.087,77.0,73.0,1.2,0.191,0.704,0.105,0.319,The Americas,Barbados
168,0.024,0.332,44.0,10675.0,1489000000.0,0.058,1489000000.0,147.0,0.015,0.2,0.134,77.0,71.0,0.7,0.349,0.612,0.039,0.447,The Americas,Belize
169,0.012,0.41200000000000003,19.0,10675.0,5550771000.0,0.068,5550771000.0,245.0,0.014,0.9,0.109,82.0,77.0,1.0,0.272,0.651,0.07,1.0,The Americas,Bermuda
170,0.026,0.8,49.0,7704.0,23948541156.0,0.05,23948541156.0,1080.0,0.033,0.3,0.109,69.0,65.0,0.8,0.356,0.596,0.048,0.669,The Americas,Bolivia
171,0.015,0.6629999999999999,119.0,270028.0,2476694763271.0,0.089,2476694763271.0,2600.0,0.014,0.5,0.439,77.0,70.0,1.2,0.25,0.679,0.071,0.846,The Americas,Brazil
172,0.011,0.261,5.0,251845.0,1778632046933.0,0.109,1778632046933.0,131.0,0.005,0.8,0.03,83.0,79.0,0.8,0.164,0.691,0.145,0.811,The Americas,Canada
173,0.015,0.41200000000000003,19.0,10675.0,23812444721.5,0.068,23812444721.5,245.0,0.014,0.7,0.109,77.0,72.0,1.7,0.272,0.651,0.07,1.0,The Americas,Cayman Islands
174,0.014,0.245,8.0,33574.0,251162316598.0,0.071,251162316598.0,316.0,0.007,0.5,0.09,82.0,76.0,1.3,0.217,0.688,0.094,0.888,The Americas,Chile
175,0.019,0.764,14.0,31613.0,335415156702.0,0.065,335415156702.0,193.0,0.015,0.4,0.112,77.0,70.0,1.0,0.284,0.658,0.058,0.753,The Americas,Colombia
176,0.016,0.5529999999999999,60.0,4655.0,41237296807.0,0.102,41237296807.0,246.0,0.009,0.4,0.161,82.0,77.0,0.9,0.244,0.689,0.067,0.729,The Americas,Costa Rica
177,0.01,0.41200000000000003,19.0,11187.0,68233900000.0,0.106,68233900000.0,245.0,0.006,0.2,0.109,81.0,77.0,0.1,0.169,0.703,0.127,0.767,The Americas,Cuba
178,0.013,0.41200000000000003,19.0,10675.0,23812444721.5,0.068,23812444721.5,245.0,0.014,0.4,0.109,81.0,74.0,1.4,0.197,0.669,0.134,0.898,The Americas,Curacao
179,0.017,0.371,12.0,10675.0,491481481.0,0.06,491481481.0,117.0,0.011,0.5,0.088,77.0,72.0,1.5,0.272,0.651,0.07,0.684,The Americas,Dominica
180,0.022,0.41200000000000003,19.0,7382.0,55433248935.0,0.054,55433248935.0,324.0,0.025,0.4,0.156,76.0,70.0,0.9,0.308,0.631,0.061,0.749,The Americas,Dominican Republic
181,0.021,0.353,56.0,12942.0,76769729000.0,0.069,76769729000.0,654.0,0.02,0.3,0.109,79.0,73.0,1.0,0.306,0.631,0.063,0.629,The Americas,Ecuador
182,0.02,0.348,17.0,4319.0,23139000000.0,0.068,23139000000.0,320.0,0.015,0.2,0.109,77.0,67.0,1.3,0.313,0.617,0.07,0.648,The Americas,El Salvador
183,0.014,0.41200000000000003,19.0,10675.0,23812444721.5,0.068,23812444721.5,245.0,0.014,0.6,0.109,77.0,72.0,1.0,0.272,0.651,0.07,0.848,The Americas,Greenland
184,0.019,0.45299999999999996,15.0,10675.0,778518505.0,0.065,778518505.0,140.0,0.011,0.3,0.107,75.0,70.0,1.2,0.272,0.656,0.072,0.356,The Americas,Grenada
185,0.032,0.409,37.0,10163.0,47654789735.0,0.067,47654789735.0,344.0,0.028,0.1,0.134,75.0,68.0,1.3,0.412,0.544,0.045,0.498,The Americas,Guatemala
186,0.021,0.359,20.0,10675.0,2576602497.0,0.068,2576602497.0,263.0,0.032,0.3,0.145,69.0,63.0,0.7,0.373,0.595,0.033,0.283,The Americas,Guyana
187,0.026,0.40399999999999997,105.0,3211.0,7516834160.0,0.085,7516834160.0,184.0,0.057,0.1,0.116,64.0,61.0,0.4,0.358,0.598,0.045,0.535,The Americas,Haiti
188,0.026,0.436,14.0,4740.0,17710325578.0,0.084,17710325578.0,224.0,0.02,0.2,0.186,76.0,71.0,1.0,0.362,0.594,0.043,0.523,The Americas,Honduras
189,0.015,0.44299999999999995,7.0,3066.0,14433926129.0,0.052,14433926129.0,414.0,0.015,0.4,0.195,76.0,71.0,1.1,0.284,0.637,0.079,0.539,The Americas,Jamaica
190,0.019,0.527,6.0,186171.0,1170085556896.0,0.06,1170085556896.0,347.0,0.014,0.4,0.049,79.0,75.0,0.8,0.295,0.643,0.061,0.781,The Americas,Mexico
191,0.024,0.669,39.0,3038.0,9898547558.0,0.076,9898547558.0,207.0,0.021,0.1,0.105,77.0,71.0,0.8,0.339,0.615,0.046,0.575,The Americas,Nicaragua
192,0.02,0.436,8.0,4058.0,33270500000.0,0.079,33270500000.0,482.0,0.016,0.4,0.069,80.0,74.0,1.8,0.29,0.641,0.069,0.654,The Americas,Panama
193,0.024,0.35,35.0,4858.0,25071193102.0,0.089,25071193102.0,387.0,0.02,0.2,0.174,74.0,70.0,1.0,0.331,0.616,0.053,0.587,The Americas,Paraguay
194,0.02,0.366,25.0,20582.0,170563949736.0,0.047,170563949736.0,309.0,0.014,0.4,0.187,77.0,72.0,1.1,0.296,0.643,0.061,0.773,The Americas,Peru
195,0.011,0.631,6.0,10675.0,100351670000.0,0.068,100351670000.0,218.0,0.014,0.5,0.109,82.0,75.0,0.8,0.201,0.666,0.132,0.938,The Americas,Puerto Rico
196,0.017,0.41200000000000003,19.0,10675.0,23812444721.5,0.068,23812444721.5,245.0,0.014,0.4,0.109,77.0,72.0,1.0,0.272,0.651,0.07,1.0,The Americas,Sint Maarten (Dutch part)
197,0.017,0.525,19.0,10675.0,728148148.0,0.058,728148148.0,203.0,0.008,0.8,0.094,77.0,72.0,1.5,0.272,0.651,0.07,0.318,The Americas,St. Kitts and Nevis
198,0.016,0.344,15.0,10675.0,1295925926.0,0.076,1295925926.0,92.0,0.013,0.5,0.1,77.0,72.0,1.2,0.248,0.666,0.086,0.185,The Americas,St. Lucia
199,0.017,0.41200000000000003,19.0,10675.0,23812444721.5,0.068,23812444721.5,245.0,0.014,0.4,0.109,82.0,76.0,1.0,0.272,0.651,0.07,0.7065,The Americas,St. Martin (French part)
200,0.017,0.387,10.0,10675.0,677037037.0,0.049,677037037.0,111.0,0.018,0.4,0.091,74.0,70.0,1.2,0.261,0.671,0.068,0.491,The Americas,St. Vincent and the Grenadines
201,0.018,0.27899999999999997,694.0,10675.0,4363219094.0,0.06,4363219094.0,199.0,0.022,0.3,0.118,74.0,67.0,1.0,0.283,0.652,0.065,0.663,The Americas,Suriname
202,0.015,0.29100000000000004,41.0,20918.0,23676348287.0,0.053,23676348287.0,210.0,0.02,0.6,0.08,73.0,66.0,1.4,0.207,0.708,0.085,0.089,The Americas,Trinidad and Tobago
203,0.017,0.41200000000000003,19.0,10675.0,23812444721.5,0.068,23812444721.5,245.0,0.014,0.4,0.109,77.0,72.0,1.0,0.272,0.651,0.07,0.907,The Americas,Turks and Caicos Islands
204,0.013,0.465,5.0,2191193.0,15533800000000.0,0.177,15533800000000.0,187.0,0.006,0.7,0.033,81.0,76.0,0.9,0.197,0.669,0.133,0.809,The Americas,United States
205,0.015,0.419,7.0,4430.0,47236710623.0,0.088,47236710623.0,336.0,0.01,0.5,0.098,80.0,73.0,1.4,0.223,0.638,0.139,0.946,The Americas,Uruguay
206,0.02,0.628,141.0,70198.0,316482176579.0,0.045,316482176579.0,864.0,0.014,0.4,0.172,77.0,71.0,1.0,0.291,0.651,0.058,0.888,The Americas,"Venezuela, RB"
207,0.011,0.41200000000000003,19.0,10675.0,23812444721.5,0.068,23812444721.5,245.0,0.014,0.4,0.109,83.0,76.0,1.0,0.206,0.649,0.145,0.948,The Americas,Virgin Islands (U.S.)
